{
    "inventory": [
        {
            "id": "68a767d27c02d",
            "name": "Samsung A06 64GB",
            "imei": "353818870873997",
            "quantity": 8,
            "price": 5000,
            "cost_price": 2000,
            "supplier_id": "68a774c223e12"
        },
        {
            "id": "68a776c3acc7c",
            "name": "ZTE Blade L210 Sin Huella 32GB",
            "imei": "353818870873997",
            "quantity": 10,
            "price": 4500,
            "cost_price": 2500,
            "supplier_id": "68a76b98cdfe5"
        }
    ],
    "sales": [
        {
            "id": "68a78f5a48809",
            "customer_name": "Cliente Regular",
            "customer_phone": "",
            "date": "2025-08-21 23:27:54",
            "products": [
                {
                    "id": "68a767d27c02d",
                    "name": "Samsung A06 64GB",
                    "imei": "353818870873997",
                    "quantity": 1,
                    "price": 5000,
                    "cost_price": 2000
                }
            ],
            "status": "Reimpresa",
            "invoice_number": "000018"
        },
        {
            "id": "68a79cd4c2c48",
            "customer_name": "Cliente Regular",
            "customer_phone": "",
            "date": "2025-08-22 00:25:24",
            "products": [
                {
                    "id": "68a767d27c02d",
                    "name": "Samsung A06 64GB",
                    "imei": "353818870873997",
                    "quantity": 1,
                    "price": 5000,
                    "cost_price": 2000
                }
            ],
            "status": "Reimpresa",
            "invoice_number": "000019"
        }
    ],
    "customers": [
        {
            "id": "regular_customer",
            "name": "Cliente Regular",
            "cedula": "",
            "phone": "",
            "address": ""
        },
        {
            "id": "68a76b7aa39bb",
            "name": "Diego Feliz a",
            "cedula": "000-0000000-0",
            "phone": "8292742141",
            "address": "Rep\u00fablica Dominicana"
        },
        {
            "id": "68a7770a4fac7",
            "name": "Priscila Samboy",
            "cedula": "000-0000000-0",
            "phone": "8298937210",
            "address": "Rep\u00fablica Dominicana"
        }
    ],
    "suppliers": [
        {
            "id": "68a76b98cdfe5",
            "name": "Diego Antonio Feliz",
            "phone": "8292712141",
            "address": "Oviedo, Pedernales"
        },
        {
            "id": "68a774c223e12",
            "name": "Juan",
            "phone": "8292712141",
            "address": "Oviedo, Pedernales"
        }
    ]
}